,Afrikaans,Albanian,Armenian,Bengali,Bosnian,Bulgarian,Catalan,Croatian,Czech,Danish,Dutch,English,French,Galician,German,Greek,Gujarati,Hindi,Icelandic,Irish,Italian,Latvian,Lithuanian,Macedonian,Marathi,Nepali,Norwegian,Pashto,Persian,Polish,Portuguese,Romanian,Russian,Serbian,Sinhala,Slovak,Slovenian,Spanish,Swedish,Ukrainian,Urdu,Welsh
Afrikaans,0,0.3119917837437785,0.24304690838714643,0.3280694921872355,0.25963773920852373,0.3023633447332452,0.3320275350987891,0.29671895430839507,0.29993874023381295,0.3187821721368492,0.2622888686869537,0.2707707092943806,0.315538496071952,0.32240675330222685,0.2906103260846708,0.3128452780157252,0.33960107085308644,0.3221798532476176,0.27529752870747093,0.35005603467972485,0.25424448670350575,0.2943868921268126,0.24333264164054044,0.2951521024717537,0.3470908211476118,0.26857353326397826,0.2981437673342064,0.3126776736929356,0.2792256025361011,0.2752561977201312,0.31341030815140075,0.2980136974510952,0.2820883109448328,0.2932618269744407,0.28191269256842694,0.31897974394679846,0.319560365052099,0.2985113714471865,0.2907813911743626,0.28095340668604246,0.3132252340111441,0.2325771950761492
Albanian,0.3119917837437785,0,0.24924384745276587,0.3226275674049083,0.2795542495846831,0.31206250851036277,0.32577152373838547,0.3051756286122248,0.31931189238769914,0.3584230063228739,0.32730635868010943,0.32184511121963166,0.3239791032438256,0.3145114664060503,0.3339205872473115,0.3194196581589008,0.3423563599936292,0.33049986031116246,0.3089859942936853,0.3378463319912404,0.26992909433508505,0.3166064250909824,0.2513945745217586,0.30463532503754803,0.33625476685711303,0.2888394091043283,0.3445687935331919,0.306608011753645,0.2849281760508253,0.2880226327472846,0.31648144844812715,0.31453861981554876,0.2944755753426325,0.3043106830090456,0.267136832803985,0.3287050569240061,0.32985194190866396,0.30608652418010995,0.3248366439524517,0.2936024189183281,0.31677142102847083,0.25717769867414514
Armenian,0.24304690838714643,0.24924384745276587,0,0.2670267579368766,0.23229425489272232,0.2560413982553648,0.2722304434345536,0.2524652994796044,0.2639712492004241,0.2803092360010905,0.27393133703360706,0.2685640613500658,0.2570899628978027,0.26303832107218966,0.2674301646141679,0.247089417857343,0.2848037637490162,0.2692024668950553,0.24244424553483773,0.267045056087068,0.23989599500500877,0.26197188411955863,0.23607856291810894,0.2591994202990146,0.2751807460274352,0.24525318570088586,0.25568429516931196,0.24782101616844357,0.24294385915183592,0.2594729462780589,0.26805493947706743,0.25588362372974205,0.24960021937790272,0.2559048754325896,0.24243295365451345,0.2625659029843068,0.26976491059420654,0.26271634700286883,0.2654888279862211,0.25558438381936377,0.26346729442618616,0.23907354999039518
Bengali,0.3280694921872355,0.3226275674049083,0.2670267579368766,0,0.26319728498433664,0.2733174214878098,0.29618299051723257,0.27340503520060067,0.2744968198524593,0.30883681565470245,0.28984292832695074,0.2807696144188932,0.2946321732657761,0.3043165869804866,0.28400640474998046,0.28647674118391125,0.2616115136709777,0.24991311716146997,0.2928050472366154,0.3203286063835467,0.23409481220034342,0.28208563927697966,0.2301429576307701,0.2612183005506744,0.2674248083772085,0.24244301408116628,0.3275321187535558,0.29747958260935503,0.27512921787955247,0.24658518656691067,0.2879043588475614,0.27548974477009125,0.2696061267414081,0.27205607072707594,0.27675640747510005,0.2866543853816572,0.29619754933094505,0.27245615688123753,0.29308272919994716,0.25716874814624985,0.24908612281938328,0.22675871533780884
Bosnian,0.25963773920852373,0.2795542495846831,0.23229425489272232,0.26319728498433664,0,0.2264170684427975,0.27439106079011166,0.19609032418323868,0.22876024019522515,0.2630046527532346,0.27302219455879245,0.2637183275574269,0.24836386140658487,0.27683003604743384,0.2619046326791455,0.2555482700244949,0.2872811330835941,0.2659017360080893,0.26074539896365306,0.29258204903987317,0.2251181020614112,0.24334479664813463,0.22504606825685405,0.20973057003935924,0.28175156615346736,0.2198408442043608,0.25228571329761823,0.2723506021652354,0.2661904910370971,0.21279711163464934,0.2589908395221728,0.24490200823713526,0.20620536790368232,0.17333331682144063,0.2659812977850223,0.21496311423720055,0.22209659918252597,0.258309779516844,0.26995148738044156,0.2132254441293767,0.25854905397495215,0.23170482874983578
Bulgarian,0.3023633447332452,0.31206250851036277,0.2560413982553648,0.2733174214878098,0.2264170684427975,0,0.27358509594691366,0.21066677504389447,0.23802587022675786,0.2886511949199905,0.27233151597457966,0.2624744721860603,0.2800449414386939,0.2813281702646552,0.27636062852766957,0.2763280184400465,0.2868939002506554,0.27853943942149445,0.2731436762256146,0.2997248377195332,0.22092813415767612,0.277281752950188,0.2163124819099625,0.198433206151785,0.2838879259338194,0.2740263198766523,0.30994651844812493,0.2851480269306499,0.2645625591023752,0.2193265191789584,0.2730911797428139,0.2651897033168472,0.2264614335727254,0.22121319975850498,0.2765986077263054,0.24683593117510394,0.2544296464777492,0.25162297850292115,0.2778364289856087,0.21715137414672483,0.2619636018654568,0.20725965701798552
Catalan,0.3320275350987891,0.32577152373838547,0.2722304434345536,0.29618299051723257,0.27439106079011166,0.27358509594691366,0,0.2668280403090525,0.2825225487390444,0.30416531919478007,0.28528695000435256,0.27400197462091713,0.2719783940403143,0.26422559094909387,0.28995641698858693,0.28620261197925617,0.3056022695742149,0.2982463780751301,0.292147984470595,0.3157574710893493,0.21217776158127177,0.2974883291897232,0.23238214571367857,0.26333398266403163,0.30148311927768834,0.28894413758382514,0.31878981546784285,0.3136476918757362,0.28277804169978654,0.2545828426863511,0.24998943345780708,0.258351898787445,0.27078488724864586,0.27741657716995444,0.2907706445044866,0.28739088746746555,0.29419995457428133,0.22126804692068394,0.29284353542855096,0.2587406041242171,0.28890101179762295,0.22464444160000435
Croatian,0.29671895430839507,0.3051756286122248,0.2524652994796044,0.27340503520060067,0.19609032418323868,0.21066677504389447,0.2668280403090525,0,0.22907772159060394,0.2760077889115989,0.27196703876554523,0.2668350087744227,0.2694234819999471,0.27778416772660275,0.27129557641565055,0.2666554315852933,0.2858831632725479,0.2754306111470217,0.2720803705475372,0.298001827894282,0.21862171222133553,0.27159824989709563,0.21438158494964735,0.2062420606054646,0.27972951000067486,0.26997350439637197,0.29477388693531825,0.2818878242019141,0.25933446866381743,0.20732201155572863,0.27118235535382756,0.253411371824933,0.22354116275046834,0.18992883189484402,0.2716768982824874,0.226566138827453,0.22498471969365066,0.2526799731753466,0.2723249143153053,0.20982037405021836,0.2633784472376262,0.214259314303425
Czech,0.29993874023381295,0.31931189238769914,0.2639712492004241,0.2744968198524593,0.22876024019522515,0.23802587022675786,0.2825225487390444,0.22907772159060394,0,0.2747540529252281,0.2692426175311075,0.25989562553120765,0.2778017445617808,0.2928979989883175,0.2765275100080484,0.2779746235721726,0.2968283077967691,0.28716325241424945,0.2763354938646286,0.3120313884748581,0.2306237216125469,0.2666413466939565,0.22804221783536122,0.23113001900756605,0.2940488195266763,0.2617903071839897,0.30213395478697347,0.2870142515273844,0.2688672040431909,0.21878812700806577,0.2721614811411726,0.26611688364770564,0.22677980569709283,0.2237388053175756,0.28583126968889516,0.22101344411535986,0.243804229548435,0.2630052483728215,0.2742857480014935,0.21720321072367535,0.26565585585423096,0.2182243309477652
Danish,0.3187821721368492,0.3584230063228739,0.2803092360010905,0.30883681565470245,0.2630046527532346,0.2886511949199905,0.30416531919478007,0.2760077889115989,0.2747540529252281,0,0.26375164498425197,0.24001748340139084,0.29275989728861834,0.324253174742558,0.251799409223822,0.29280578891076864,0.3108211182946757,0.2934297309415621,0.268183137934679,0.3303992275142318,0.22705186730737778,0.29518781661747423,0.24071571347113926,0.2775749540564702,0.31424230997133595,0.2656380227258515,0.28640069351844827,0.3260416960373888,0.29003408940030184,0.24993457569454403,0.27769197029368076,0.27530920507557016,0.2751436451906927,0.2872970616315822,0.31454301316793426,0.2844255619010005,0.2901838328597509,0.2706129993554174,0.260972870910797,0.26335634371585154,0.2869375208629982,0.20753285980203925
Dutch,0.2622888686869537,0.32730635868010943,0.27393133703360706,0.28984292832695074,0.27302219455879245,0.27233151597457966,0.28528695000435256,0.27196703876554523,0.2692426175311075,0.26375164498425197,0,0.23270168919186734,0.28710168154027277,0.29906763220571436,0.23825143081279643,0.2791359957934589,0.2937358849030044,0.29144592792824703,0.26542130557043725,0.3123916130630343,0.23576842183999588,0.28316680566726915,0.2336099242906686,0.25834971239331284,0.2954177147142261,0.2820062246140361,0.2864571621828887,0.30016821444833314,0.2730840564982619,0.25573455809089024,0.2732716284094995,0.2723438044489734,0.26511748778554606,0.27266153121712433,0.30217236585653556,0.2820091544417806,0.27683557639182593,0.261531090258677,0.25753424553368265,0.2563169939267566,0.27975143958872495,0.22101059955218455
English,0.2707707092943806,0.32184511121963166,0.2685640613500658,0.2807696144188932,0.2637183275574269,0.2624744721860603,0.27400197462091713,0.2668350087744227,0.25989562553120765,0.24001748340139084,0.23270168919186734,0,0.2645235411146631,0.2835565821749852,0.23897850512483126,0.28004300712605695,0.2868529990638742,0.27822689728611777,0.26160170147098977,0.28695173267732627,0.2222964015907373,0.2845878194459834,0.23108278998363876,0.260719680687854,0.28481105074433666,0.26693775465073616,0.26108280842541526,0.29351407305029853,0.27266440995536484,0.24344359068862156,0.26539942523602233,0.26172946084144455,0.2587894418045543,0.27047747022098895,0.29411267260165735,0.2730807008151573,0.28491815759511,0.2596368941577997,0.25343736077064033,0.2536566236522085,0.2697496831210631,0.21174692727661976
French,0.315538496071952,0.3239791032438256,0.2570899628978027,0.2946321732657761,0.24836386140658487,0.2800449414386939,0.2719783940403143,0.2694234819999471,0.2778017445617808,0.29275989728861834,0.28710168154027277,0.2645235411146631,0,0.2909761837310794,0.28872436025916975,0.27938907520996725,0.3114073598104872,0.29247121463180026,0.2878696569379469,0.31960213230448714,0.20598204614242,0.2788046419524509,0.2327479306164681,0.2685489309522777,0.3044895788112624,0.2580583597398928,0.3117910162628792,0.30555535214138757,0.2786161962716202,0.24884289507713528,0.2642059476498746,0.25573055403192435,0.26653055811600157,0.2751536502996426,0.28724874621216706,0.28810875085553345,0.2814283369428798,0.2441088864167552,0.29542352093005253,0.25874525853717073,0.2777184109555683,0.20785996155871267
Galician,0.32240675330222685,0.3145114664060503,0.26303832107218966,0.3043165869804866,0.27683003604743384,0.2813281702646552,0.26422559094909387,0.27778416772660275,0.2928979989883175,0.324253174742558,0.29906763220571436,0.2835565821749852,0.2909761837310794,0,0.3056025307856298,0.30504101046864707,0.3218573986816347,0.31138760245555414,0.286772207937733,0.31844541370255275,0.21677778729800035,0.3064769268426133,0.23869713695968817,0.2708728670175096,0.3196321318804245,0.288290124214312,0.34576659798155335,0.30465595588425604,0.26788738666201356,0.2661237169543907,0.24468177470247493,0.2762871227056603,0.27901063242817703,0.2820703516071286,0.26945545313630104,0.3111128446371327,0.31324404815317214,0.21140421328014664,0.2936727022804886,0.26973019974652596,0.29619196892487676,0.22055095871027205
German,0.2906103260846708,0.3339205872473115,0.2674301646141679,0.28400640474998046,0.2619046326791455,0.27636062852766957,0.28995641698858693,0.27129557641565055,0.2765275100080484,0.251799409223822,0.23825143081279643,0.23897850512483126,0.28872436025916975,0.3056025307856298,0,0.2677037069897042,0.2991383520008224,0.2842429031699146,0.26354285149566903,0.31036915825919575,0.22808663330198223,0.2822116648541375,0.23323348310638906,0.2691622913990722,0.29796733553307664,0.27133580179247047,0.29468688925660286,0.30239750756503075,0.2807456364747175,0.2573292880236775,0.28974076468755794,0.26571523985395573,0.26930029481177314,0.2758060579361434,0.30338422836135026,0.2890106110547172,0.28142635989765685,0.2702359641194442,0.25817457921810194,0.25708306094739414,0.27472718407226077,0.21675967622055936
Greek,0.3128452780157252,0.3194196581589008,0.247089417857343,0.28647674118391125,0.2555482700244949,0.2763280184400465,0.28620261197925617,0.2666554315852933,0.2779746235721726,0.29280578891076864,0.2791359957934589,0.28004300712605695,0.27938907520996725,0.30504101046864707,0.2677037069897042,0,0.3054428640206303,0.2836344152089937,0.27575995370499745,0.3160912815576879,0.22698989146698892,0.2689214302924824,0.21953890664298958,0.2714919221918375,0.30054454922686763,0.26116701725709757,0.3098920622125931,0.29663317262510686,0.2731166332355778,0.25416201599845534,0.284782135831468,0.2576363133192147,0.26423293832316797,0.27482990408500324,0.28394115262852815,0.28729338490600514,0.28562445910445805,0.2652536529195526,0.29360392412936986,0.2558103915584864,0.27568804690331083,0.21457306751192315
Gujarati,0.33960107085308644,0.3423563599936292,0.2848037637490162,0.2616115136709777,0.2872811330835941,0.2868939002506554,0.3056022695742149,0.2858831632725479,0.2968283077967691,0.3108211182946757,0.2937358849030044,0.2868529990638742,0.3114073598104872,0.3218573986816347,0.2991383520008224,0.3054428640206303,0,0.23000985281236544,0.31113361661812566,0.3392708933945178,0.252873776116013,0.308024493143265,0.2371602792385112,0.2781687198500372,0.22804522922145612,0.26423230841072687,0.32723977307229274,0.31220155777068936,0.2912643701913244,0.26197017269605727,0.3101960780135581,0.2875019541976696,0.29600585838278437,0.2960754179482298,0.30083489927804385,0.30740004244819036,0.305237928207768,0.28336249146519327,0.3043462847613362,0.2799670032082158,0.25806246807377897,0.2439482709081646
Hindi,0.3221798532476176,0.33049986031116246,0.2692024668950553,0.24991311716146997,0.2659017360080893,0.27853943942149445,0.2982463780751301,0.2754306111470217,0.28716325241424945,0.2934297309415621,0.29144592792824703,0.27822689728611777,0.29247121463180026,0.31138760245555414,0.2842429031699146,0.2836344152089937,0.23000985281236544,0,0.3000561389736333,0.3208108846175967,0.2417210969016259,0.28843172634698233,0.23281590347500522,0.27104788363509186,0.23896115506339508,0.23420619677501653,0.3087129271800498,0.29384103480116835,0.28142533898048483,0.25484550421677693,0.2989527265809345,0.2658586386692297,0.27842310018080435,0.2843513873463314,0.285893163810175,0.2895708794891709,0.29098975546750705,0.2757582318181747,0.2947450016781877,0.2693375458578725,0.21510383076262102,0.2322293619214307
Icelandic,0.27529752870747093,0.3089859942936853,0.24244424553483773,0.2928050472366154,0.26074539896365306,0.2731436762256146,0.292147984470595,0.2720803705475372,0.2763354938646286,0.268183137934679,0.26542130557043725,0.26160170147098977,0.2878696569379469,0.286772207937733,0.26354285149566903,0.27575995370499745,0.31113361661812566,0.3000561389736333,0,0.3050284281946683,0.23728657907474476,0.27544149637742027,0.2195653920341229,0.2643985189108234,0.30531639144744643,0.2826557535350076,0.28254072144066417,0.2876054086022769,0.261329444157859,0.2582739496719722,0.28488502609569655,0.27609593098016433,0.2581981945968472,0.26755223846958953,0.2727324047313731,0.286559859673599,0.2932647269306759,0.27162487530506224,0.2587827707857135,0.2521898156570184,0.2837605689462758,0.22206392972949113
Irish,0.35005603467972485,0.3378463319912404,0.267045056087068,0.3203286063835467,0.29258204903987317,0.2997248377195332,0.3157574710893493,0.298001827894282,0.3120313884748581,0.3303992275142318,0.3123916130630343,0.28695173267732627,0.31960213230448714,0.31844541370255275,0.31036915825919575,0.3160912815576879,0.3392708933945178,0.3208108846175967,0.3050284281946683,0,0.2515284458815567,0.3148728662398452,0.2513843855175528,0.2904291461728895,0.33398420325583456,0.29679788919641265,0.36450945483831776,0.3178047544349961,0.28631347555604314,0.27783992886922676,0.3011234249373013,0.295592645457047,0.2980560127756741,0.30868120755504397,0.2857386402529656,0.32951550200802615,0.3270888021040368,0.2742751194464593,0.3050989717273643,0.2818242404965005,0.30065422811757436,0.21397979430175876
Italian,0.25424448670350575,0.26992909433508505,0.23989599500500877,0.23409481220034342,0.2251181020614112,0.22092813415767612,0.21217776158127177,0.21862171222133553,0.2306237216125469,0.22705186730737778,0.23576842183999588,0.2222964015907373,0.20598204614242,0.21677778729800035,0.22808663330198223,0.22698989146698892,0.252873776116013,0.2417210969016259,0.23728657907474476,0.2515284458815567,0,0.2505309555761925,0.21989408427772153,0.21959615536197763,0.24325100808461414,0.23235926508420698,0.24457255346674317,0.24374789372742034,0.2451341819536385,0.21847218730651083,0.20880762953670653,0.1942715827262336,0.22002711721486767,0.22597701718061586,0.25564026261921746,0.22643758477538237,0.23462834880198433,0.20106540789597765,0.23803067954721635,0.21944154547252576,0.2332883409827168,0.1930220773007112
Latvian,0.2943868921268126,0.3166064250909824,0.26197188411955863,0.28208563927697966,0.24334479664813463,0.277281752950188,0.2974883291897232,0.27159824989709563,0.2666413466939565,0.29518781661747423,0.28316680566726915,0.2845878194459834,0.2788046419524509,0.3064769268426133,0.2822116648541375,0.2689214302924824,0.308024493143265,0.28843172634698233,0.27544149637742027,0.3148728662398452,0.2505309555761925,0,0.18824007253319594,0.2665683842003093,0.30076954759348673,0.27409600067602174,0.29170793478051943,0.2944203295777433,0.28309777467683744,0.2405201108216993,0.2848958332905025,0.26508724091849645,0.2421449936741468,0.2565284646895352,0.2955050168266562,0.2623634183823529,0.27307075057812025,0.29485787767193056,0.2987432867452731,0.25550579987710703,0.2753212294050694,0.24531436313639735
Lithuanian,0.24333264164054044,0.2513945745217586,0.23607856291810894,0.2301429576307701,0.22504606825685405,0.2163124819099625,0.23238214571367857,0.21438158494964735,0.22804221783536122,0.24071571347113926,0.2336099242906686,0.23108278998363876,0.2327479306164681,0.23869713695968817,0.23323348310638906,0.21953890664298958,0.2371602792385112,0.23281590347500522,0.2195653920341229,0.2513843855175528,0.21989408427772153,0.18824007253319594,0,0.21529889840820354,0.23667083763630206,0.24713512636516996,0.234666502179661,0.2354665292767549,0.23530702540320733,0.21720989289403267,0.23782588251247877,0.2181148838377572,0.2088788591867498,0.20940676451130902,0.24246975876911084,0.22155947848011312,0.2290562822656707,0.23312456480401456,0.2344352537904416,0.21112034470149577,0.23016430414751318,0.22643656859058325
Macedonian,0.2951521024717537,0.30463532503754803,0.2591994202990146,0.2612183005506744,0.20973057003935924,0.198433206151785,0.26333398266403163,0.2062420606054646,0.23113001900756605,0.2775749540564702,0.25834971239331284,0.260719680687854,0.2685489309522777,0.2708728670175096,0.2691622913990722,0.2714919221918375,0.2781687198500372,0.27104788363509186,0.2643985189108234,0.2904291461728895,0.21959615536197763,0.2665683842003093,0.21529889840820354,0,0.2765664871995306,0.2697491553395629,0.30024885753791514,0.27267665032137856,0.260153389471614,0.21281281560966164,0.2594843970046356,0.25593679652134504,0.21143295508191,0.19046599861470656,0.2700795095239998,0.23155830748747558,0.24671591989891567,0.2452109613921715,0.26644049058038843,0.20062719415173505,0.2569277258536711,0.21496452158904877
Marathi,0.3470908211476118,0.33625476685711303,0.2751807460274352,0.2674248083772085,0.28175156615346736,0.2838879259338194,0.30148311927768834,0.27972951000067486,0.2940488195266763,0.31424230997133595,0.2954177147142261,0.28481105074433666,0.3044895788112624,0.3196321318804245,0.29796733553307664,0.30054454922686763,0.22804522922145612,0.23896115506339508,0.30531639144744643,0.33398420325583456,0.24325100808461414,0.30076954759348673,0.23667083763630206,0.2765664871995306,0,0.2682008556363331,0.33398289749969917,0.31078365532310803,0.28706196820011676,0.25703713957586977,0.29845187401592566,0.2840394119462812,0.2843486960818407,0.29152562971763685,0.29125312216225,0.301447288117337,0.30780242054867296,0.273918291876641,0.30504990511903674,0.2739076209099425,0.26208605474726865,0.23324298309494693
Nepali,0.26857353326397826,0.2888394091043283,0.24525318570088586,0.24244301408116628,0.2198408442043608,0.2740263198766523,0.28894413758382514,0.26997350439637197,0.2617903071839897,0.2656380227258515,0.2820062246140361,0.26693775465073616,0.2580583597398928,0.288290124214312,0.27133580179247047,0.26116701725709757,0.26423230841072687,0.23420619677501653,0.2826557535350076,0.29679788919641265,0.23235926508420698,0.27409600067602174,0.24713512636516996,0.2697491553395629,0.2682008556363331,0,0.26395962316456795,0.2756747354093026,0.27752434316584795,0.25646127487452114,0.27541242467540045,0.2512740940279076,0.26130102035253505,0.2655007670492484,0.2677811407996497,0.2625706594384785,0.26746437139277185,0.2719640299611376,0.2785601558090146,0.26310414375947694,0.24238872794007763,0.2303411438234907
Norwegian,0.2981437673342064,0.3445687935331919,0.25568429516931196,0.3275321187535558,0.25228571329761823,0.30994651844812493,0.31878981546784285,0.29477388693531825,0.30213395478697347,0.28640069351844827,0.2864571621828887,0.26108280842541526,0.3117910162628792,0.34576659798155335,0.29468688925660286,0.3098920622125931,0.32723977307229274,0.3087129271800498,0.28254072144066417,0.36450945483831776,0.24457255346674317,0.29170793478051943,0.234666502179661,0.30024885753791514,0.33398289749969917,0.26395962316456795,0,0.34826147709947536,0.302559916052668,0.26650833097673177,0.30723102082778087,0.2879491310411227,0.28862273378105563,0.29893440389805187,0.3088124331719254,0.30823517509555093,0.30784342688274774,0.29304362734825573,0.2514953328835232,0.28310698210430874,0.30684475836143804,0.2334499859276312
Pashto,0.3126776736929356,0.306608011753645,0.24782101616844357,0.29747958260935503,0.2723506021652354,0.2851480269306499,0.3136476918757362,0.2818878242019141,0.2870142515273844,0.3260416960373888,0.30016821444833314,0.29351407305029853,0.30555535214138757,0.30465595588425604,0.30239750756503075,0.29663317262510686,0.31220155777068936,0.29384103480116835,0.2876054086022769,0.3178047544349961,0.24374789372742034,0.2944203295777433,0.2354665292767549,0.27267665032137856,0.31078365532310803,0.2756747354093026,0.34826147709947536,0,0.2476116334394057,0.26173696252249085,0.29452618543502024,0.28913148389339044,0.2760942699100808,0.28587130623204426,0.2636813645715281,0.3080049169238604,0.3102323547437505,0.27666568761121396,0.3023820277521815,0.26558137669656073,0.277723671075715,0.22416869631718678
Persian,0.2792256025361011,0.2849281760508253,0.24294385915183592,0.27512921787955247,0.2661904910370971,0.2645625591023752,0.28277804169978654,0.25933446866381743,0.2688672040431909,0.29003408940030184,0.2730840564982619,0.27266440995536484,0.2786161962716202,0.26788738666201356,0.2807456364747175,0.2731166332355778,0.2912643701913244,0.28142533898048483,0.261329444157859,0.28631347555604314,0.2451341819536385,0.28309777467683744,0.23530702540320733,0.260153389471614,0.28706196820011676,0.27752434316584795,0.302559916052668,0.2476116334394057,0,0.2591666488907821,0.27655768911621903,0.2711617316328656,0.25858191445570017,0.2622878135888819,0.26299538211072393,0.2810795766802072,0.2846277329303375,0.2642287102789828,0.26848236138096626,0.25057547015992415,0.2596024361210703,0.2321448074865573
Polish,0.2752561977201312,0.2880226327472846,0.2594729462780589,0.24658518656691067,0.21279711163464934,0.2193265191789584,0.2545828426863511,0.20732201155572863,0.21878812700806577,0.24993457569454403,0.25573455809089024,0.24344359068862156,0.24884289507713528,0.2661237169543907,0.2573292880236775,0.25416201599845534,0.26197017269605727,0.25484550421677693,0.2582739496719722,0.27783992886922676,0.21847218730651083,0.2405201108216993,0.21720989289403267,0.21281281560966164,0.25703713957586977,0.25646127487452114,0.26650833097673177,0.26173696252249085,0.2591666488907821,0,0.25016706457917137,0.23419404894860724,0.2070157140963409,0.20781357843909826,0.2676500134929315,0.20211590351374226,0.22528671509681195,0.24716138051812975,0.2585615004637875,0.19884228523477276,0.24400671686936648,0.21852098714764623
Portuguese,0.31341030815140075,0.31648144844812715,0.26805493947706743,0.2879043588475614,0.2589908395221728,0.2730911797428139,0.24998943345780708,0.27118235535382756,0.2721614811411726,0.27769197029368076,0.2732716284094995,0.26539942523602233,0.2642059476498746,0.24468177470247493,0.28974076468755794,0.284782135831468,0.3101960780135581,0.2989527265809345,0.28488502609569655,0.3011234249373013,0.20880762953670653,0.2848958332905025,0.23782588251247877,0.2594843970046356,0.29845187401592566,0.27541242467540045,0.30723102082778087,0.29452618543502024,0.27655768911621903,0.25016706457917137,0,0.25290175073634513,0.25487174399011636,0.2672441385735839,0.2913293756939061,0.270701159640886,0.27335051775446306,0.2123817015063076,0.27909585427870315,0.2520559326059835,0.27763930884945204,0.21823340108740258
Romanian,0.2980136974510952,0.31453861981554876,0.25588362372974205,0.27548974477009125,0.24490200823713526,0.2651897033168472,0.258351898787445,0.253411371824933,0.26611688364770564,0.27530920507557016,0.2723438044489734,0.26172946084144455,0.25573055403192435,0.2762871227056603,0.26571523985395573,0.2576363133192147,0.2875019541976696,0.2658586386692297,0.27609593098016433,0.295592645457047,0.1942715827262336,0.26508724091849645,0.2181148838377572,0.25593679652134504,0.2840394119462812,0.2512740940279076,0.2879491310411227,0.28913148389339044,0.2711617316328656,0.23419404894860724,0.25290175073634513,0,0.2531712654968964,0.26138817164691996,0.2793736750914012,0.2660767643360929,0.269980608752188,0.24402472383361518,0.2783671598388755,0.25126215826182585,0.2676285412553956,0.2109417885030237
Russian,0.2820883109448328,0.2944755753426325,0.24960021937790272,0.2696061267414081,0.20620536790368232,0.2264614335727254,0.27078488724864586,0.22354116275046834,0.22677980569709283,0.2751436451906927,0.26511748778554606,0.2587894418045543,0.26653055811600157,0.27901063242817703,0.26930029481177314,0.26423293832316797,0.29600585838278437,0.27842310018080435,0.2581981945968472,0.2980560127756741,0.22002711721486767,0.2421449936741468,0.2088788591867498,0.21143295508191,0.2843486960818407,0.26130102035253505,0.28862273378105563,0.2760942699100808,0.25858191445570017,0.2070157140963409,0.25487174399011636,0.2531712654968964,0,0.20496660088181792,0.26858811640379826,0.22284781523861105,0.24412998128350116,0.25469653155943317,0.2716925358407767,0.1926200202393827,0.26392667823751303,0.21926336192296006
Serbian,0.2932618269744407,0.3043106830090456,0.2559048754325896,0.27205607072707594,0.17333331682144063,0.22121319975850498,0.27741657716995444,0.18992883189484402,0.2237388053175756,0.2872970616315822,0.27266153121712433,0.27047747022098895,0.2751536502996426,0.2820703516071286,0.2758060579361434,0.27482990408500324,0.2960754179482298,0.2843513873463314,0.26755223846958953,0.30868120755504397,0.22597701718061586,0.2565284646895352,0.20940676451130902,0.19046599861470656,0.29152562971763685,0.2655007670492484,0.29893440389805187,0.28587130623204426,0.2622878135888819,0.20781357843909826,0.2672441385735839,0.26138817164691996,0.20496660088181792,0,0.2744938676725354,0.2259980721564971,0.23362202767737283,0.25986797214213947,0.2787998052776747,0.20060515351645555,0.26717057894992036,0.22343562588119995
Sinhala,0.28191269256842694,0.267136832803985,0.24243295365451345,0.27675640747510005,0.2659812977850223,0.2765986077263054,0.2907706445044866,0.2716768982824874,0.28583126968889516,0.31454301316793426,0.30217236585653556,0.29411267260165735,0.28724874621216706,0.26945545313630104,0.30338422836135026,0.28394115262852815,0.30083489927804385,0.285893163810175,0.2727324047313731,0.2857386402529656,0.25564026261921746,0.2955050168266562,0.24246975876911084,0.2700795095239998,0.29125312216225,0.2677811407996497,0.3088124331719254,0.2636813645715281,0.26299538211072393,0.2676500134929315,0.2913293756939061,0.2793736750914012,0.26858811640379826,0.2744938676725354,0,0.2917538193288386,0.30116377681451056,0.2707098327197458,0.28499762919876537,0.2638874471443403,0.27306072511013196,0.23930787600414552
Slovak,0.31897974394679846,0.3287050569240061,0.2625659029843068,0.2866543853816572,0.21496311423720055,0.24683593117510394,0.28739088746746555,0.226566138827453,0.22101344411535986,0.2844255619010005,0.2820091544417806,0.2730807008151573,0.28810875085553345,0.3111128446371327,0.2890106110547172,0.28729338490600514,0.30740004244819036,0.2895708794891709,0.286559859673599,0.32951550200802615,0.22643758477538237,0.2623634183823529,0.22155947848011312,0.23155830748747558,0.301447288117337,0.2625706594384785,0.30823517509555093,0.3080049169238604,0.2810795766802072,0.20211590351374226,0.270701159640886,0.2660767643360929,0.22284781523861105,0.2259980721564971,0.2917538193288386,0,0.24059680979486983,0.264910886926689,0.286644735290825,0.21274612109798152,0.2740329317309673,0.2167647810881297
Slovenian,0.319560365052099,0.32985194190866396,0.26976491059420654,0.29619754933094505,0.22209659918252597,0.2544296464777492,0.29419995457428133,0.22498471969365066,0.243804229548435,0.2901838328597509,0.27683557639182593,0.28491815759511,0.2814283369428798,0.31324404815317214,0.28142635989765685,0.28562445910445805,0.305237928207768,0.29098975546750705,0.2932647269306759,0.3270888021040368,0.23462834880198433,0.27307075057812025,0.2290562822656707,0.24671591989891567,0.30780242054867296,0.26746437139277185,0.30784342688274774,0.3102323547437505,0.2846277329303375,0.22528671509681195,0.27335051775446306,0.269980608752188,0.24412998128350116,0.23362202767737283,0.30116377681451056,0.24059680979486983,0,0.2660279800334056,0.2945557354071479,0.2387844669430417,0.28331906961247966,0.23155973028166357
Spanish,0.2985113714471865,0.30608652418010995,0.26271634700286883,0.27245615688123753,0.258309779516844,0.25162297850292115,0.22126804692068394,0.2526799731753466,0.2630052483728215,0.2706129993554174,0.261531090258677,0.2596368941577997,0.2441088864167552,0.21140421328014664,0.2702359641194442,0.2652536529195526,0.28336249146519327,0.2757582318181747,0.27162487530506224,0.2742751194464593,0.20106540789597765,0.29485787767193056,0.23312456480401456,0.2452109613921715,0.273918291876641,0.2719640299611376,0.29304362734825573,0.27666568761121396,0.2642287102789828,0.24716138051812975,0.2123817015063076,0.24402472383361518,0.25469653155943317,0.25986797214213947,0.2707098327197458,0.264910886926689,0.2660279800334056,0,0.27058961834905354,0.24054148201018638,0.2674088423796408,0.21308854878356603
Swedish,0.2907813911743626,0.3248366439524517,0.2654888279862211,0.29308272919994716,0.26995148738044156,0.2778364289856087,0.29284353542855096,0.2723249143153053,0.2742857480014935,0.260972870910797,0.25753424553368265,0.25343736077064033,0.29542352093005253,0.2936727022804886,0.25817457921810194,0.29360392412936986,0.3043462847613362,0.2947450016781877,0.2587827707857135,0.3050989717273643,0.23803067954721635,0.2987432867452731,0.2344352537904416,0.26644049058038843,0.30504990511903674,0.2785601558090146,0.2514953328835232,0.3023820277521815,0.26848236138096626,0.2585615004637875,0.27909585427870315,0.2783671598388755,0.2716925358407767,0.2787998052776747,0.28499762919876537,0.286644735290825,0.2945557354071479,0.27058961834905354,0,0.2644352429455763,0.28029745542738527,0.22228541175761124
Ukrainian,0.28095340668604246,0.2936024189183281,0.25558438381936377,0.25716874814624985,0.2132254441293767,0.21715137414672483,0.2587406041242171,0.20982037405021836,0.21720321072367535,0.26335634371585154,0.2563169939267566,0.2536566236522085,0.25874525853717073,0.26973019974652596,0.25708306094739414,0.2558103915584864,0.2799670032082158,0.2693375458578725,0.2521898156570184,0.2818242404965005,0.21944154547252576,0.25550579987710703,0.21112034470149577,0.20062719415173505,0.2739076209099425,0.26310414375947694,0.28310698210430874,0.26558137669656073,0.25057547015992415,0.19884228523477276,0.2520559326059835,0.25126215826182585,0.1926200202393827,0.20060515351645555,0.2638874471443403,0.21274612109798152,0.2387844669430417,0.24054148201018638,0.2644352429455763,0,0.2556571833744246,0.21033107738850945
Urdu,0.3132252340111441,0.31677142102847083,0.26346729442618616,0.24908612281938328,0.25854905397495215,0.2619636018654568,0.28890101179762295,0.2633784472376262,0.26565585585423096,0.2869375208629982,0.27975143958872495,0.2697496831210631,0.2777184109555683,0.29619196892487676,0.27472718407226077,0.27568804690331083,0.25806246807377897,0.21510383076262102,0.2837605689462758,0.30065422811757436,0.2332883409827168,0.2753212294050694,0.23016430414751318,0.2569277258536711,0.26208605474726865,0.24238872794007763,0.30684475836143804,0.277723671075715,0.2596024361210703,0.24400671686936648,0.27763930884945204,0.2676285412553956,0.26392667823751303,0.26717057894992036,0.27306072511013196,0.2740329317309673,0.28331906961247966,0.2674088423796408,0.28029745542738527,0.2556571833744246,0,0.216848660648279
Welsh,0.2325771950761492,0.25717769867414514,0.23907354999039518,0.22675871533780884,0.23170482874983578,0.20725965701798552,0.22464444160000435,0.214259314303425,0.2182243309477652,0.20753285980203925,0.22101059955218455,0.21174692727661976,0.20785996155871267,0.22055095871027205,0.21675967622055936,0.21457306751192315,0.2439482709081646,0.2322293619214307,0.22206392972949113,0.21397979430175876,0.1930220773007112,0.24531436313639735,0.22643656859058325,0.21496452158904877,0.23324298309494693,0.2303411438234907,0.2334499859276312,0.22416869631718678,0.2321448074865573,0.21852098714764623,0.21823340108740258,0.2109417885030237,0.21926336192296006,0.22343562588119995,0.23930787600414552,0.2167647810881297,0.23155973028166357,0.21308854878356603,0.22228541175761124,0.21033107738850945,0.216848660648279,0
